{"trees":[
{"featureIndex":2,"featureName":"FEATURE_2","splitValue":286.0,"trueDelta":0.21009918845807032,"falseDelta":0.011523687580025609,"trueChild":{"featureIndex":37,"featureName":"FEATURE_37","splitValue":1.9699999999999704,"trueDelta":0.15980676765478757,"falseDelta":-0.12128079036132217,"trueChild":{"featureIndex":25,"featureName":"FEATURE_25","splitValue":1.0,"trueDelta":-0.1510959753067165,"falseDelta":0.18055275948347124,"trueChild":{"featureIndex":-1,"featureName":null,"splitValue":"NaN","trueDelta":0.0,"falseDelta":0.0,"trueChild":null,"falseChild":null,"loss":1.7976931348623157E308,"avgTrueValue":0.21880998080614203,"sampleNum":521.0},"falseChild":{"featureIndex":-1,"featureName":null,"splitValue":"NaN","trueDelta":0.0,"falseDelta":0.0,"trueChild":null,"falseChild":null,"loss":1.7976931348623157E308,"avgTrueValue":0.5504587155963303,"sampleNum":436.0},"loss":212.85932038230447,"avgTrueValue":0.36990595611285265,"sampleNum":957.0},"falseChild":{"featureIndex":4,"featureName":"FEATURE_4","splitValue":2.0,"trueDelta":0.05237761519228826,"falseDelta":-0.047847229659722476,"trueChild":{"featureIndex":-1,"featureName":null,"splitValue":"NaN","trueDelta":0.0,"falseDelta":0.0,"trueChild":null,"falseChild":null,"loss":1.7976931348623157E308,"avgTrueValue":0.14119601328903655,"sampleNum":602.0},"falseChild":{"featureIndex":-1,"featureName":null,"splitValue":"NaN","trueDelta":0.0,"falseDelta":0.0,"trueChild":null,"falseChild":null,"loss":1.7976931348623157E308,"avgTrueValue":0.0409711684370258,"sampleNum":659.0},"loss":100.79601495485113,"avgTrueValue":0.08881839809674862,"sampleNum":1261.0},"loss":351.88613985324804,"avgTrueValue":0.21009918845807032,"sampleNum":2218.0},"falseChild":{"featureIndex":125,"featureName":"FEATURE_125","splitValue":1027.0,"trueDelta":0.011318952013883072,"falseDelta":-0.01152368758002563,"trueChild":{"featureIndex":1,"featureName":"FEATURE_1","splitValue":1.0,"trueDelta":-0.0228426395939087,"falseDelta":0.02084668079444082,"trueChild":{"featureIndex":-1,"featureName":null,"splitValue":"NaN","trueDelta":0.0,"falseDelta":0.0,"trueChild":null,"falseChild":null,"loss":1.7976931348623157E308,"avgTrueValue":0.0,"sampleNum":188.0},"falseChild":{"featureIndex":-1,"featureName":null,"splitValue":"NaN","trueDelta":0.0,"falseDelta":0.0,"trueChild":null,"falseChild":null,"loss":1.7976931348623157E308,"avgTrueValue":0.043689320388349516,"sampleNum":206.0},"loss":8.719839084045583,"avgTrueValue":0.02284263959390863,"sampleNum":394.0},"falseChild":{"featureIndex":0,"featureName":"FEATURE_0","splitValue":28.0,"trueDelta":2.0816681711721685E-17,"falseDelta":2.0816681711721685E-17,"trueChild":{"featureIndex":-1,"featureName":null,"splitValue":"NaN","trueDelta":0.0,"falseDelta":0.0,"trueChild":null,"falseChild":null,"loss":1.7976931348623157E308,"avgTrueValue":0.0,"sampleNum":34.0},"falseChild":{"featureIndex":-1,"featureName":null,"splitValue":"NaN","trueDelta":0.0,"falseDelta":0.0,"trueChild":null,"falseChild":null,"loss":1.7976931348623157E308,"avgTrueValue":0.0,"sampleNum":353.0},"loss":1.0062020994451112E-31,"avgTrueValue":0.0,"sampleNum":387.0},"loss":8.85554840560133,"avgTrueValue":0.011523687580025609,"sampleNum":781.0},"loss":416.82380058056253,"avgTrueValue":0.15838612870956986,"sampleNum":2999.0},
{"featureIndex":226,"featureName":"FEATURE_226","splitValue":63.0,"trueDelta":-0.043403336967713396,"falseDelta":0.0416728771278251,"trueChild":{"featureIndex":208,"featureName":"FEATURE_208","splitValue":9845.9471,"trueDelta":-0.033094697708158455,"falseDelta":0.02343566384217248,"trueChild":{"featureIndex":37,"featureName":"FEATURE_37","splitValue":8.22000000000013,"trueDelta":-0.04099957016320995,"falseDelta":0.030749677622407233,"trueChild":{"featureIndex":-1,"featureName":null,"splitValue":"NaN","trueDelta":0.0,"falseDelta":0.0,"trueChild":null,"falseChild":null,"loss":1.7976931348623157E308,"avgTrueValue":0.08812260536398467,"sampleNum":261.0},"falseChild":{"featureIndex":-1,"featureName":null,"splitValue":"NaN","trueDelta":0.0,"falseDelta":0.0,"trueChild":null,"falseChild":null,"loss":1.7976931348623157E308,"avgTrueValue":0.011494252873563218,"sampleNum":348.0},"loss":24.14184108495974,"avgTrueValue":0.04433497536945813,"sampleNum":609.0},"falseChild":{"featureIndex":57,"featureName":"FEATURE_57","splitValue":0.3023255813953488,"trueDelta":-0.03455574220007649,"falseDelta":0.031191908888564268,"trueChild":{"featureIndex":-1,"featureName":null,"splitValue":"NaN","trueDelta":0.0,"falseDelta":0.0,"trueChild":null,"falseChild":null,"loss":1.7976931348623157E308,"avgTrueValue":0.08333333333333333,"sampleNum":408.0},"falseChild":{"featureIndex":-1,"featureName":null,"splitValue":"NaN","trueDelta":0.0,"falseDelta":0.0,"trueChild":null,"falseChild":null,"loss":1.7976931348623157E308,"avgTrueValue":0.1415929203539823,"sampleNum":452.0},"loss":70.69434178125145,"avgTrueValue":0.11395348837209303,"sampleNum":860.0},"loss":96.21669139244074,"avgTrueValue":0.08509189925119129,"sampleNum":1469.0},"falseChild":{"featureIndex":15,"featureName":"FEATURE_15","splitValue":1.0,"trueDelta":-0.04011059925825969,"falseDelta":0.06000231569302377,"trueChild":{"featureIndex":104,"featureName":"FEATURE_104","splitValue":129.7635483870961,"trueDelta":0.04016406053071149,"falseDelta":-0.041139346768762575,"trueChild":{"featureIndex":-1,"featureName":null,"splitValue":"NaN","trueDelta":0.0,"falseDelta":0.0,"trueChild":null,"falseChild":null,"loss":1.7976931348623157E308,"avgTrueValue":0.21120689655172414,"sampleNum":464.0},"falseChild":{"featureIndex":-1,"featureName":null,"splitValue":"NaN","trueDelta":0.0,"falseDelta":0.0,"trueChild":null,"falseChild":null,"loss":1.7976931348623157E308,"avgTrueValue":0.06181015452538632,"sampleNum":453.0},"loss":78.1676550201469,"avgTrueValue":0.13740458015267176,"sampleNum":917.0},"falseChild":{"featureIndex":28,"featureName":"FEATURE_28","splitValue":1.0006253908692933,"trueDelta":-0.05528256283328782,"falseDelta":0.08081467016593126,"trueChild":{"featureIndex":-1,"featureName":null,"splitValue":"NaN","trueDelta":0.0,"falseDelta":0.0,"trueChild":null,"falseChild":null,"loss":1.7976931348623157E308,"avgTrueValue":0.3076923076923077,"sampleNum":364.0},"falseChild":{"featureIndex":-1,"featureName":null,"splitValue":"NaN","trueDelta":0.0,"falseDelta":0.0,"trueChild":null,"falseChild":null,"loss":1.7976931348623157E308,"avgTrueValue":0.4497991967871486,"sampleNum":249.0},"loss":118.9574069035889,"avgTrueValue":0.36541598694942906,"sampleNum":613.0},"loss":201.09745032051924,"avgTrueValue":0.22875816993464052,"sampleNum":1530.0},"loss":302.27741121060694,"avgTrueValue":0.15838612870956986,"sampleNum":2999.0},
{"featureIndex":11,"featureName":"FEATURE_11","splitValue":1.5384615384615385,"trueDelta":-0.018476664264894766,"falseDelta":0.03259385751429332,"trueChild":{"featureIndex":128,"featureName":"FEATURE_128","splitValue":904.0,"trueDelta":-0.01844925673380417,"falseDelta":0.018682054926028764,"trueChild":{"featureIndex":223,"featureName":"FEATURE_223","splitValue":72055.0,"trueDelta":0.031693087508525376,"falseDelta":-0.03751426684682606,"trueChild":{"featureIndex":-1,"featureName":null,"splitValue":"NaN","trueDelta":0.0,"falseDelta":0.0,"trueChild":null,"falseChild":null,"loss":1.7976931348623157E308,"avgTrueValue":0.1417624521072797,"sampleNum":522.0},"falseChild":{"featureIndex":-1,"featureName":null,"splitValue":"NaN","trueDelta":0.0,"falseDelta":0.0,"trueChild":null,"falseChild":null,"loss":1.7976931348623157E308,"avgTrueValue":0.06349206349206349,"sampleNum":441.0},"loss":82.06945042015495,"avgTrueValue":0.1059190031152648,"sampleNum":963.0},"falseChild":{"featureIndex":91,"featureName":"FEATURE_91","splitValue":0.1015625,"trueDelta":0.02077293516364975,"falseDelta":-0.024227204564438783,"trueChild":{"featureIndex":-1,"featureName":null,"splitValue":"NaN","trueDelta":0.0,"falseDelta":0.0,"trueChild":null,"falseChild":null,"loss":1.7976931348623157E308,"avgTrueValue":0.1171875,"sampleNum":512.0},