{"trees":[
{"featureIndex":37,"featureName":"FEATURE_37","splitValue":0.15,"trueDelta":0.4672566371681416,"falseDelta":0.08668857847165161,"trueChild":{"featureIndex":25,"featureName":"FEATURE_25","splitValue":1.0,"trueDelta":-0.17558997050147462,"falseDelta":0.15400582130361948,"trueChild":{"featureIndex":186,"featureName":"FEATURE_186","splitValue":284.0,"trueDelta":0.15833333333333238,"falseDelta":-0.17876344086021584,"trueChild":{"featureIndex":-1,"featureName":null,"splitValue":"NaN","trueDelta":0.0,"falseDelta":0.0,"trueChild":null,"falseChild":null,"loss":1.7976931348623157E308,"avgTrueValue":0.45,"sampleNum":140.0},"falseChild":{"featureIndex":-1,"featureName":null,"splitValue":"NaN","trueDelta":0.0,"falseDelta":0.0,"trueChild":null,"falseChild":null,"loss":1.7976931348623157E308,"avgTrueValue":0.11290322580645161,"sampleNum":124.0},"loss":47.06935483870975,"avgTrueValue":0.2916666666666667,"sampleNum":264.0},"falseChild":{"featureIndex":10,"featureName":"FEATURE_10","splitValue":353.5533905932738,"trueDelta":-0.12126245847176123,"falseDelta":0.13760278975518897,"trueChild":{"featureIndex":-1,"featureName":null,"splitValue":"NaN","trueDelta":0.0,"falseDelta":0.0,"trueChild":null,"falseChild":null,"loss":1.7976931348623157E308,"avgTrueValue":0.5,"sampleNum":160.0},"falseChild":{"featureIndex":-1,"featureName":null,"splitValue":"NaN","trueDelta":0.0,"falseDelta":0.0,"trueChild":null,"falseChild":null,"loss":1.7976931348623157E308,"avgTrueValue":0.7588652482269503,"sampleNum":141.0},"loss":65.80141843971637,"avgTrueValue":0.6212624584717608,"sampleNum":301.0},"loss":125.36558693244699,"avgTrueValue":0.4672566371681416,"sampleNum":565.0},"falseChild":{"featureIndex":12,"featureName":"FEATURE_12","splitValue":1.0,"trueDelta":-0.0248735850477147,"falseDelta":0.37082776139762946,"trueChild":{"featureIndex":15,"featureName":"FEATURE_15","splitValue":1.0,"trueDelta":-0.03263566211694604,"falseDelta":0.08441142167040269,"trueChild":{"featureIndex":-1,"featureName":null,"splitValue":"NaN","trueDelta":0.0,"falseDelta":0.0,"trueChild":null,"falseChild":null,"loss":1.7976931348623157E308,"avgTrueValue":0.02917933130699088,"sampleNum":1645.0},"falseChild":{"featureIndex":-1,"featureName":null,"splitValue":"NaN","trueDelta":0.0,"falseDelta":0.0,"trueChild":null,"falseChild":null,"loss":1.7976931348623157E308,"avgTrueValue":0.14622641509433962,"sampleNum":636.0},"loss":126.0003354934905,"avgTrueValue":0.06181499342393687,"sampleNum":2281.0},"falseChild":{"featureIndex":198,"featureName":"FEATURE_198","splitValue":20.0,"trueDelta":0.09918469105855388,"falseDelta":-0.17180205415499544,"trueChild":{"featureIndex":-1,"featureName":null,"splitValue":"NaN","trueDelta":0.0,"falseDelta":0.0,"trueChild":null,"falseChild":null,"loss":1.7976931348623157E308,"avgTrueValue":0.5567010309278351,"sampleNum":97.0},"falseChild":{"featureIndex":-1,"featureName":null,"splitValue":"NaN","trueDelta":0.0,"falseDelta":0.0,"trueChild":null,"falseChild":null,"loss":1.7976931348623157E308,"avgTrueValue":0.2857142857142857,"sampleNum":56.0},"loss":35.366715758468324,"avgTrueValue":0.45751633986928103,"sampleNum":153.0},"loss":170.2579421363729,"avgTrueValue":0.08668857847165161,"sampleNum":2434.0},"loss":333.3529577300737,"avgTrueValue":0.15838612870956986,"sampleNum":2999.0},
{"featureIndex":226,"featureName":"FEATURE_226","splitValue":63.0,"trueDelta":-0.036226458108460466,"falseDelta":0.034782135268841816,"trueChild":{"featureIndex":37,"featureName":"FEATURE_37","splitValue":0.01000000000007617,"trueDelta":-0.08610587450429141,"falseDelta":0.009574556393442308,"trueChild":{"featureIndex":64,"featureName":"FEATURE_64","splitValue":1.7976931348623157E308,"trueDelta":-0.027526005776963954,"falseDelta":0.4220654219134464,"trueChild":{"featureIndex":-1,"featureName":null,"splitValue":"NaN","trueDelta":0.0,"falseDelta":0.0,"trueChild":null,"falseChild":null,"loss":1.7976931348623157E308,"avgTrueValue":0.2898550724637681,"sampleNum":138.0},"falseChild":{"featureIndex":-1,"featureName":null,"splitValue":"NaN","trueDelta":0.0,"falseDelta":0.0,"trueChild":null,"falseChild":null,"loss":1.7976931348623157E308,"avgTrueValue":0.7777777777777778,"sampleNum":9.0},"loss":24.11740758300713,"avgTrueValue":0.3197278911564626,"sampleNum":147.0},"falseChild":{"featureIndex":24,"featureName":"FEATURE_24","splitValue":2.0,"trueDelta":-6.664840928236402E-4,"falseDelta":0.8804254866206785,"trueChild":{"featureIndex":-1,"featureName":null,"splitValue":"NaN","trueDelta":0.0,"falseDelta":0.0,"trueChild":null,"falseChild":null,"loss":1.7976931348623157E308,"avgTrueValue":0.0582891748675246,"sampleNum":1321.0},"falseChild":{"featureIndex":-1,"featureName":null,"splitValue":"NaN","trueDelta":0.0,"falseDelta":0.0,"trueChild":null,"falseChild":null,"loss":1.7976931348623157E308,"avgTrueValue":1.0,"sampleNum":1.0},"loss":56.79330239140893,"avgTrueValue":0.059001512859304085,"sampleNum":1322.0},"loss":83.39425876204136,"avgTrueValue":0.08509189925119129,"sampleNum":1469.0},"falseChild":{"featureIndex":2,"featureName":"FEATURE_2","splitValue":279.0,"trueDelta":0.02910955792143421,"falseDelta":-0.08748107982671786,"trueChild":{"featureIndex":37,"featureName":"FEATURE_37","splitValue":9.12,"trueDelta":0.033354627468060956,"falseDelta":-0.059811095970707606,"trueChild":{"featureIndex":-1,"featureName":null,"splitValue":"NaN","trueDelta":0.0,"falseDelta":0.0,"trueChild":null,"falseChild":null,"loss":1.7976931348623157E308,"avgTrueValue":0.40298507462686567,"sampleNum":737.0},"falseChild":{"featureIndex":-1,"featureName":null,"splitValue":"NaN","trueDelta":0.0,"falseDelta":0.0,"trueChild":null,"falseChild":null,"loss":1.7976931348623157E308,"avgTrueValue":0.10948905109489052,"sampleNum":411.0},"loss":171.96448655612306,"avgTrueValue":0.2979094076655052,"sampleNum":1148.0},"falseChild":{"featureIndex":25,"featureName":"FEATURE_25","splitValue":1.0,"trueDelta":0.013052655401232004,"falseDelta":-0.13804171924333142,"trueChild":{"featureIndex":-1,"featureName":null,"splitValue":"NaN","trueDelta":0.0,"falseDelta":0.0,"trueChild":null,"falseChild":null,"loss":1.7976931348623157E308,"avgTrueValue":0.014326647564469915,"sampleNum":349.0},"falseChild":{"featureIndex":-1,"featureName":null,"splitValue":"NaN","trueDelta":0.0,"falseDelta":0.0,"trueChild":null,"falseChild":null,"loss":1.7976931348623157E308,"avgTrueValue":0.09090909090909091,"sampleNum":33.0},"loss":7.014432811464573,"avgTrueValue":0.020942408376963352,"sampleNum":382.0},"loss":181.95744456123103,"avgTrueValue":0.22875816993464052,"sampleNum":1530.0},"loss":270.45898386523663,"avgTrueValue":0.15838612870956986,"sampleNum":2999.0},
{"featureIndex":11,"featureName":"FEATURE_11","splitValue":0.5333333333333333,"trueDelta":-0.09233246443237896,"falseDelta":0.0049295871421571056,"trueChild":{"featureIndex":5,"featureName":"FEATURE_5","splitValue":2100.0,"trueDelta":0.2545981729065065,"falseDelta":-0.060027211498282,"trueChild":{"featureIndex":-1,"featureName":null,"splitValue":"NaN","trueDelta":0.0,"falseDelta":0.0,"trueChild":null,"falseChild":null,"loss":1.7976931348623157E308,"avgTrueValue":0.3103448275862069,"sampleNum":29.0},"falseChild":{"featureIndex":175,"featureName":"FEATURE_175","splitValue":4.0,"trueDelta":0.06126548083587625,"falseDelta":-0.13195642026188745,"trueChild":{"featureIndex":-1,"featureName":null,"splitValue":"NaN","trueDelta":0.0,"falseDelta":0.0,"trueChild":null,"falseChild":null,"loss":1.7976931348623157E308,"avgTrueValue":0.08333333333333333,"sampleNum":84.0},"falseChild":{"featureIndex":-1,"featureName":null,"splitValue":"NaN","trueDelta":0.0,"falseDelta":0.0,"trueChild":null,"falseChild":null,"loss":1.7976931348623157E308,"avgTrueValue":0.05128205128205128,"sampleNum":39.0},"loss":7.472566332976458,"avgTrueValue":0.07317073170731707,"sampleNum":123.0},"loss":12.541235549862852,"avgTrueValue":0.11842105263157894,"sampleNum":152.0},"falseChild":{"featureIndex":231,"featureName":"FEATURE_231","splitValue":-52.0,"trueDelta":0.07494243814636131,