{"trees":[
{"featureIndex":179,"featureName":"FEATURE_179","splitValue":12.0,"trueDelta":0.15843895930620414,"falseDelta":0.0,"trueChild":{"featureIndex":244,"featureName":"FEATURE_244","splitValue":9.0,"trueDelta":2.5991353540883057E-6,"falseDelta":-1.628866703613358E-6,"trueChild":{"featureIndex":57,"featureName":"FEATURE_57","splitValue":0.33695652173913043,"trueDelta":3.88251509362908E-6,"falseDelta":-5.34444978858287E-6,"trueChild":{"featureIndex":-1,"featureName":null,"splitValue":"NaN","trueDelta":0.0,"falseDelta":0.0,"trueChild":null,"falseChild":null,"loss":1.7976931348623157E308,"avgTrueValue":0.15844544095665172,"sampleNum":669.0},"falseChild":{"featureIndex":-1,"featureName":null,"splitValue":"NaN","trueDelta":0.0,"falseDelta":0.0,"trueChild":null,"falseChild":null,"loss":1.7976931348623157E308,"avgTrueValue":0.15843621399176955,"sampleNum":486.0},"loss":154.00519483163043,"avgTrueValue":0.15844155844155844,"sampleNum":1155.0},"falseChild":{"featureIndex":233,"featureName":"FEATURE_233","splitValue":21.0,"trueDelta":1.3373785851501908E-5,"falseDelta":-1.1497947068845214E-5,"trueChild":{"featureIndex":-1,"featureName":null,"splitValue":"NaN","trueDelta":0.0,"falseDelta":0.0,"trueChild":null,"falseChild":null,"loss":1.7976931348623157E308,"avgTrueValue":0.15845070422535212,"sampleNum":852.0},"falseChild":{"featureIndex":-1,"featureName":null,"splitValue":"NaN","trueDelta":0.0,"falseDelta":0.0,"trueChild":null,"falseChild":null,"loss":1.7976931348623157E308,"avgTrueValue":0.1584258324924319,"sampleNum":991.0},"loss":245.73629980154956,"avgTrueValue":0.1584373304395008,"sampleNum":1843.0},"loss":399.7414943450557,"avgTrueValue":0.15843895930620414,"sampleNum":2998.0},"falseChild":{"featureIndex":-1,"featureName":null,"splitValue":"NaN","trueDelta":0.0,"falseDelta":0.0,"trueChild":null,"falseChild":null,"loss":1.7976931348623157E308,"avgTrueValue":0.0,"sampleNum":1.0},"loss":475.0251029038332,"avgTrueValue":0.15838612870956986,"sampleNum":2999.0},
{"featureIndex":244,"featureName":"FEATURE_244","splitValue":9.0,"trueDelta":-9.470538831272169E-17,"falseDelta":1.4544583903135694E-16,"trueChild":{"featureIndex":57,"featureName":"FEATURE_57","splitValue":0.33695652173913043,"trueDelta":1.0853301316963414E-16,"falseDelta":-1.0736724723741226E-16,"trueChild":{"featureIndex":146,"featureName":"FEATURE_146","splitValue":17.0,"trueDelta":-9.22696488240241E-6,"falseDelta":2.450439853942265E-5,"trueChild":{"featureIndex":-1,"featureName":null,"splitValue":"NaN","trueDelta":0.0,"falseDelta":0.0,"trueChild":null,"falseChild":null,"loss":1.7976931348623157E308,"avgTrueValue":0.15843621399176955,"sampleNum":486.0},"falseChild":{"featureIndex":-1,"featureName":null,"splitValue":"NaN","trueDelta":0.0,"falseDelta":0.0,"trueChild":null,"falseChild":null,"loss":1.7976931348623157E308,"avgTrueValue":0.15846994535519127,"sampleNum":183.0},"loss":89.20478356600181,"avgTrueValue":0.15844544095665172,"sampleNum":669.0},"falseChild":{"featureIndex":91,"featureName":"FEATURE_91","splitValue":0.10897435897435898,"trueDelta":-2.0372407610895605E-5,"falseDelta":1.4490233582856523E-5,"trueChild":{"featureIndex":-1,"featureName":null,"splitValue":"NaN","trueDelta":0.0,"falseDelta":0.0,"trueChild":null,"falseChild":null,"loss":1.7976931348623157E308,"avgTrueValue":0.15841584158415842,"sampleNum":202.0},"falseChild":{"featureIndex":-1,"featureName":null,"splitValue":"NaN","trueDelta":0.0,"falseDelta":0.0,"trueChild":null,"falseChild":null,"loss":1.7976931348623157E308,"avgTrueValue":0.15845070422535212,"sampleNum":284.0},"loss":64.80041168291714,"avgTrueValue":0.15843621399176955,"sampleNum":486.0},"loss":154.00519478122965,"avgTrueValue":0.15844155844155844,"sampleNum":1155.0},"falseChild":{"featureIndex":179,"featureName":"FEATURE_179","splitValue":12.0,"trueDelta":-7.016151691703309E-16,"falseDelta":-1.4544583903135694E-16,"trueChild":{"featureIndex":233,"featureName":"FEATURE_233","splitValue":21.0,"trueDelta":6.937590825239828E-16,"falseDelta":6.17400513492355E-16,"trueChild":{"featureIndex":-1,"featureName":null,"splitValue":"NaN","trueDelta":0.0,"falseDelta":0.0,"trueChild":null,"falseChild":null,"loss":1.7976931348623157E308,"avgTrueValue":0.15845070422535212,"sampleNum":852.0},"falseChild":{"featureIndex":-1,"featureName":null,"splitValue":"NaN","trueDelta":0.0,"falseDelta":0.0,"trueChild":null,"falseChild":null,"loss":1.7976931348623157E308,"avgTrueValue":0.1584258324924319,"sampleNum":991.0},"loss":245.73629922826427,"avgTrueValue":0.1584373304395008,"sampleNum":1843.0},"falseChild":{"featureIndex":-1,"featureName":null,"splitValue":"NaN","trueDelta":0.0,"falseDelta":0.0,"trueChild":null,"falseChild":null,"loss":1.7976931348623157E308,"avgTrueValue":0.0,"sampleNum":1.0},"loss":245.7362992282603,"avgTrueValue":0.15835140997830802,"sampleNum":1844.0},"loss":399.7414940094871,"avgTrueValue":0.15838612870956986,"sampleNum":2999.0},
{"featureIndex":244,"featureName":"FEATURE_244","splitValue":9.0,"trueDelta":-5.212280823402521E-17,"falseDelta":1.299876090111558E-16,"trueChild":{"featureIndex":57,"featureName":"FEATURE_57","splitValue":0.33695652173913043,"trueDelta":-3.6509576295595584E-17,"falseDelta":-1.0965165675310187E-17,"trueChild":{"featureIndex":146,"featureName":"FEATURE_146","splitValue":17.0,"trueDelta":2.54026338144686E-16,"falseDelta":4.6107622880607596E-17,"trueChild":{"featureIndex":-1,"featureName":null,"splitValue":"NaN","trueDelta":0.0,"falseDelta":0.0,"trueChild":null,"falseChild":null,"loss":1.7976931348623157E308,"avgTrueValue":0.15843621399176955,"sampleNum":486.0},"falseChild":{"featureIndex":-1,"featureName":null,"splitValue":"NaN","trueDelta":0.0,"falseDelta":0.0,"trueChild":null,"falseChild":null,"loss":1.7976931348623157E308,"avgTrueValue":0.15846994535519127,"sampleNum":183.0},"loss":89.20478310733378,"avgTrueValue":0.15844544095665172,"sampleNum":669.0},"falseChild":{"featureIndex":91,"featureName":"FEATURE_91","splitValue":0.10897435897435898,"trueDelta":-1.1679326372913157E-16,"falseDelta":5.863854003301883E-17,"trueChild":{"featureIndex":-1,"featureName":null,"splitValue":"NaN","trueDelta":0.0,"falseDelta":0.0,"trueChild":null,"falseChild":null,"loss":1.7976931348623157E308,"avgTrueValue":0.15841584158415842,"sampleNum":202.0},"falseChild":{"featureIndex":-1,"featureName":null,"splitValue":"NaN","trueDelta":0.0,"falseDelta":0.0,"trueChild":null,"falseChild":null,"loss":1.7976931348623157E308,"avgTrueValue":0.15845070422535212,"sampleNum":284.0},"loss":64.80041137916623,"avgTrueValue":0.15843621399176955,"sampleNum":486.0},"loss":154.00519448649908,"avgTrueValue":0.15844155844155844,"sampleNum":1155.0},"falseChild":{"featureIndex":179,"featureName":"FEATURE_179","splitValue":12.0,"trueDelta":-7.064343684090728E-16,"falseDelta":-1.299876090111558E-16,"trueChild":{"featureIndex":233,"featureName":"FEATURE_233","splitValue":21.0,"trueDelta":4.1463963196681314E-16,"falseDelta":6.042929359059631E-16,"trueChild":{"featureIndex":-1,"featureName":null,"splitValue":"NaN","trueDelta":0.0,"falseDelta":0.0,"trueChild":null,"falseChild":null,"loss":1.7976931348623157E308,"avgTrueValue":0.15845070422535212,"sampleNum":852.0},"falseChild":{"featureIndex":-1,"featureName":null,"splitValue":"NaN","trueDelta":0.0,"falseDelta":0.0,"trueChild":null,"falseChild":null,"loss":1.7976931348623157E308,"avgTrueValue":0.1584258324924319,"sampleNum":991.0},"loss":245.73629922826427,"avgTrueValue":0.1584373304395008,"sampleNum":1843.0},"falseChild":{"featureIndex":-1,"featureName":null,"splitValue":"NaN","trueDelta":0.0,"falseDelta":0.0,"trueChild":null,"falseChild":null,"loss":1.7976931348623157E308,"avgTrueValue":0.0,"sampleNum":1.0},"loss":245.73629922826032,"avgTrueValue":0.15835140997830802,"sampleNum":1844.0},"loss":399.741493714758,"avgTrueValue":0.15838612870956986,"sampleNum":2999.0}]}